{"nodes":{"node:1":{"location":{"x":-1245,"y":-447}},"node:10":{"location":{"x":-894,"y":-353}},"node:4":{"location":{"x":-1229,"y":-255}},"node:7":{"location":{"x":-1229,"y":-351}}},"selection":null,"view":{"scroll":{"x":-1694.179931640625,"y":-505.956085205078125},"visible_rect":{"max":{"x":-390.17999267578125,"y":-90.9560928344726563},"min":{"x":-1694.18017578125,"y":-505.956146240234375}},"zoom":0.999999940395355225}}